Name,Sex,Event,Equipment,Age,AgeClass,BirthYearClass,Division,BodyweightKg,WeightClassKg,Squat1Kg,Squat2Kg,Squat3Kg,Squat4Kg,Best3SquatKg,Bench1Kg,Bench2Kg,Bench3Kg,Bench4Kg,Best3BenchKg,Deadlift1Kg,Deadlift2Kg,Deadlift3Kg,Deadlift4Kg,Best3DeadliftKg,TotalKg,Place,Dots,Wilks,Glossbrenner,Goodlift,Tested,Country,State,Federation,ParentFederation,Date,MeetCountry,MeetState,MeetTown,MeetName,Sanctioned
Kjell Egil Bakkelund,M,SBD,Raw,37.5,35-39,24-39,Open,65.75,66,245,252.5,257.5,,257.5,180,185,187.5,,187.5,285,300,310,,310,755,1,593.23,594.68,577.96,117.93,Yes,Norway,,IPF,IPF,2026-06-13,Lithuania,,Druskininkai,World Classic Powerlifting Championships,Yes
Kjell Egil Bakkelund,M,SBD,Raw,,,,Open,65.64,,252.5,260,-265,,260,192.5,197.5,-200,,197.5,305,318.5,324.5,,324.5,782,2,615.21,616.80,599.51,122.25,Yes,Norway,,IPF,IPF,2026-01-31,UK,,Sheffield,Sheffield Powerlifting Championships,Yes
Kjell Egil Bakkelund,M,SBD,Raw,,,,Open,73.1,74,245,255,260,,260,187.5,195,-200,,195,295,310,325,,325,780,1,568.98,566.00,547.49,115.24,Yes,Norway,,NSF,IPF,2025-10-26,Norway,,Lillestrøm,NM styrkeløft Utstyrsfritt,Yes
Kjell Egil Bakkelund,M,SBD,Raw,36.5,35-39,24-39,Middle,74.9,,245,255,260,,260,185,192.5,197.5,,197.5,290,305,317.5,,317.5,775,3,556.48,552.75,534.12,113.07,Yes,Norway,,IPF,IPF,2025-08-14,China,,Chengdu,World Games,Yes
Kjell Egil Bakkelund,M,SBD,Raw,36.5,35-39,24-39,Open,65.85,66,235,242.5,247.5,,247.5,177.5,185,-190,,185,290,305,310,,310,742.5,1,582.75,584.10,567.64,115.88,Yes,Norway,,IPF,IPF,2025-06-08,Germany,,Chemnitz,World Classic Powerlifting Championships,Yes
Kjell Egil Bakkelund,M,SBD,Raw,36.5,35-39,24-39,Open,73.5,74,250,260,267.5,,267.5,192.5,-200,-200,,192.5,290,305,315,,315,775,1,563.31,560.17,541.72,114.18,Yes,Norway,,EPF,IPF,2025-03-18,Spain,,Malaga,European Open Classic Powerlifting Championship,Yes
Kjell Egil Bakkelund,M,SBD,Raw,,,,Open,65.95,,245,252.5,257.5,,257.5,190,-195,195,,195,308,-317.5,317.5,,317.5,770,1,603.65,604.98,587.88,120.08,Yes,Norway,,IPF,IPF,2025-01-26,UK,,Sheffield,Sheffield Powerlifting Championships,Yes
Kjell Egil Bakkelund,M,SBD,Raw,35.5,35-39,24-39,Open,73.55,74,260,272.5,-277.5,,272.5,197.5,207.5,-210,,207.5,322.5,332.5,-337.5,,332.5,812.5,2,590.31,586.99,567.64,119.66,Yes,Norway,,IPF,IPF,2024-06-15,Lithuania,,Druskininkai,World Classic Powerlifting Championships,Yes
Kjell Egil Bakkelund,M,SBD,Raw,,,,Open,73.07,74,232.5,245,252.5,,252.5,190,200,,,200,280,300,310,,310,762.5,1,556.37,553.46,535.38,112.68,Yes,Norway,,NSF,IPF,2024-03-22,Norway,,Oslo,Oslo SK NM styrkeløft utstyrsfritt,Yes
Kjell Egil Bakkelund,M,SBD,Raw,,,,Open,73.73,,252.5,262.5,270,,270,192.5,200,205,,205,312.5,327.5,340,,340,815,1,591.18,587.77,568.34,119.88,Yes,Norway,,IPF,IPF,2024-03-15,UK,,Birmingham,Arnold Sports Festival UK,Yes
Kjell Egil Bakkelund,M,SBD,Raw,34.5,24-34,24-39,Open,73.65,74,245,255,262.5,,262.5,192.5,202.5,207.5,,207.5,310,322.5,330,,330,800,1,580.71,577.40,558.34,117.74,Yes,Norway,,EPF,IPF,2023-12-04,Estonia,,Tartu,European Open Classic Powerlifting Championships,Yes
Kjell Egil Bakkelund,M,SBD,Single-ply,,,,Open,78.7,83,280,-300,310,,310,210,220,230,,230,280,295,-312.5,,295,835,1,581.42,576.05,555.45,99.54,Yes,Norway,,NSF,IPF,2023-06-17,Norway,,Stjørdal,KK-67 NM styrkeløft utstyr,Yes
Kjell Egil Bakkelund,M,SBD,Raw,34.5,24-34,24-39,Open,73.4,74,232.5,242.5,250,,250,182.5,187.5,192.5,,192.5,300,317.5,-328,,317.5,760,4,552.91,549.86,531.79,112.05,Yes,Norway,,IPF,IPF,2023-06-11,Malta,,St. Julians,World Classic Powerlifting Championships,Yes
Kjell Egil Bakkelund,M,SBD,Single-ply,35,35-39,24-39,Open,79.9,83,330,340,347.5,,347.5,-235,235,242.5,,242.5,300,-315,317.5,,317.5,907.5,1,626.23,620.04,597.46,107.19,Yes,Norway,,EPF,IPF,2023-05-02,Denmark,,Thisted,European Equipped Powerlifting Championships,Yes
Kjell Egil Bakkelund,M,SBD,Raw,,,,Open,79.74,83,235,250,260,,260,180,187.5,192.5,,192.5,300,312.5,317.5,,317.5,770,1,531.97,526.76,507.62,108.78,Yes,Norway,,NSF,IPF,2023-03-03,Norway,,Åsane,Bjørgvin SK NM styrkeløft utstyrsfritt,Yes
Kjell Egil Bakkelund,M,SBD,Raw,34,24-34,24-39,Open,73.47,74,210,222.5,227.5,,227.5,155,165,170,,170,285,295,-305,,295,692.5,5,503.48,500.68,484.21,102.05,Yes,Norway,,EPF,IPF,2022-11-25,Poland,,Skierniewice,European Classic Powerlifting Championships,Yes
Kjell Egil Bakkelund,M,SBD,Single-ply,33.5,24-34,24-39,Open,73.57,74,-320,320,332.5,,332.5,-225,225,-235,,225,290,302.5,312.5,,312.5,870,1,631.97,628.41,607.69,108.23,Yes,Norway,,IPF,IPF,2022-11-14,Denmark,,Viborg,World Open Equipped Powerlifting Championships,Yes
Kjell Egil Bakkelund,M,B,Single-ply,33.5,24-34,24-39,Open,76.05,83,,,,,,-225,225,-245,,225,,,,,,225,4,160.00,158.80,153.35,85.63,Yes,Norway,,EPF,IPF,2022-08-02,Hungary,,Budapest,European Bench Press Championships,Yes
Kjell Egil Bakkelund,M,B,Raw,33.5,24-34,24-39,Open,73.7,74,,,,,,160,170,-180,,170,,,,,,170,5,123.35,122.64,118.59,90.86,Yes,Norway,,EPF,IPF,2022-08-02,Hungary,,Budapest,European Bench Press Championships,Yes
Kjell Egil Bakkelund,M,SBD,Single-ply,33.5,24-34,24-39,Middle,73.2,83,-315,315,327.5,,327.5,225,232.5,-237.5,,232.5,300,-312.5,-312.5,,300,860,1,626.78,623.44,603.01,107.33,Yes,Norway,,IPF,IPF,2022-07-08,USA,AL,Birmingham,World Games,Yes
Kjell Egil Bakkelund,M,SBD,Single-ply,33.5,24-34,24-39,Open,73.32,74,310,325,-340,,325,215,225,235,,235,300,315,-322.5,,315,875,1,637.02,633.56,612.77,109.09,Yes,Norway,,EPF,IPF,2022-05-03,Czechia,,Pilsen,European Powerlifting Championships,Yes
Kjell Egil Bakkelund,M,SBD,Raw,,,,Open,73.71,74,222.5,230,-235,,230,180,-188,188,,188,297.5,310,,,310,728,1,528.17,525.13,507.77,107.10,Yes,Norway,,NSF,IPF,2022-03-25,Norway,,Bergen,NM Styrkeløft utstyrsfritt,Yes
Kjell Egil Bakkelund,M,SBD,Raw,,,,Open,77.3,83,205,220,230,,230,180,190,-197.5,,190,275,300,312.5,,312.5,732.5,1,515.65,511.33,493.42,105.14,Yes,Norway,,NSF,IPF,2021-12-11,Norway,,Oslo,Klubbstevne,Yes
Kjell Egil Bakkelund,M,SBD,Single-ply,32.5,24-34,24-39,Open,73.5,74,-312.5,-315,315,,315,215,222.5,227.5,,227.5,297.5,307.5,315,,315,857.5,1,623.28,619.80,599.39,106.74,Yes,Norway,,IPF,IPF,2021-11-08,Norway,,Stavanger,World Powerlifting Championships,Yes
Kjell Egil Bakkelund,M,SBD,Single-ply,,,,Open,81,83,290,-310,320,,320,150,220,230,,230,280,300,-310,,300,850,1,581.87,575.81,554.50,99.58,Yes,Norway,,NSF,IPF,2021-06-26,Norway,,Askim,NM styrkeløft utstyr,Yes
Kjell Egil Bakkelund,M,SBD,Single-ply,30.5,24-34,24-39,Open,73.2,74,-327.5,330,-340,,330,222.5,227.5,232.5,,232.5,310,322.5,-329,,322.5,885,1,645.00,641.56,620.54,110.45,Yes,Norway,,IPF,IPF,2019-11-18,UAE,,Dubai,World Powerlifting Championships,Yes
Kjell Egil Bakkelund,M,SBD,Raw,,,,Open,73.57,74,220,230,,,230,170,175,177.5,,177.5,275,290,300,,300,707.5,1,513.93,511.03,494.19,104.18,Yes,Norway,,NSF,IPF,2019-06-27,Norway,,Stavanger,NM styrkeløft utstyrsfritt,Yes
Kjell Egil Bakkelund,M,SBD,Raw,30.5,24-34,24-39,Open,73.65,74,237.5,-245,-245,,237.5,170,177.5,182.5,,182.5,300,310,312.5,,312.5,732.5,2,531.71,528.68,511.23,107.80,Yes,Norway,,IPF,IPF,2019-06-04,Sweden,,Helsingborg,World Classic Powerlifting Championships,Yes
Kjell Egil Bakkelund,M,SBD,Single-ply,30.5,24-34,24-39,Open,73.93,74,320,332.5,337.5,,337.5,222.5,230,237.5,,237.5,310,325,-333.5,,325,900,1,651.69,647.82,626.33,111.60,Yes,Norway,,EPF,IPF,2019-05-04,Czechia,,Pilsen,European Equipped Powerlifting Championships,Yes
Kjell Egil Bakkelund,M,B,Single-ply,,,,Open,73.9,74,,,,,,210,222.5,238,,238,,,,,,238,1,172.38,171.36,165.68,92.79,Yes,Norway,,NSF,IPF,2019-03-23,Norway,,Fredrikstad,NM benkpress utstyr,Yes
Kjell Egil Bakkelund,M,SBD,Raw,29.5,24-34,24-39,Open,72.6,74,227.5,235,240,,240,165,-170,170,,170,295,305,,,305,715,1,523.94,521.42,504.52,106.02,Yes,Norway,,EPF,IPF,2018-11-24,Lithuania,,Kaunas,European Classic Powerlifting Championships,Yes
Kjell Egil Bakkelund,M,SBD,Single-ply,29.5,24-34,24-39,Open,72.95,74,-315,315,325,,325,200,207.5,215,,215,305,-322.5,328.5,,328.5,868.5,3,634.40,631.15,610.57,108.64,Yes,Norway,,IPF,IPF,2018-11-05,Sweden,,Halmstad,World Powerlifting Championships,Yes
Kjell Egil Bakkelund,M,SBD,Raw,,,,Open,76.39,83,210,225,237.5,,237.5,162.5,170,177.5,,177.5,300,310,,,310,725,1,514.13,510.13,492.52,104.70,Yes,Norway,,NSF,IPF,2018-10-05,Norway,,Oslo,NM Styrkeløft utstyrsfritt,Yes
Kjell Egil Bakkelund,M,SBD,Single-ply,,,,Open,73.4,74,305,-315,-315,,305,200,207.5,,,207.5,312.5,328,-332.5,,328,840.5,1,611.47,608.11,588.12,104.71,Yes,Norway,,NSF,IPF,2018-08-17,Norway,,Sandnes,NM Styrkeløft utstyr,Yes
Kjell Egil Bakkelund,M,SBD,Single-ply,,,,Open,73.54,74,305,320,330,,330,195,202.5,210,,210,295,310,,,310,850,1,617.61,614.14,593.90,105.77,Yes,Norway,,NSF,IPF,2018-04-07,Norway,,Drammen,RM Styrkeløft utstyr,Yes
Kjell Egil Bakkelund,M,D,Single-ply,29.5,24-34,24-39,M-O,77.99,83,,,,,,,,,,,325,337.5,-352.5,,337.5,337.5,4,236.30,234.21,225.93,,Yes,Norway,,USAPL,IPF,2018-03-04,USA,OH,Columbus,The Arnold Bodybuilding.com Pro Deadlift,Yes
Kjell Egil Bakkelund,M,SBD,Raw,,,,Open,73.92,74,222.5,232.5,240,,240,150,160,170,,170,285,305,325.5,,325.5,735.5,1,532.62,529.46,511.90,108.04,Yes,Norway,,NSF,IPF,2017-10-20,Norway,,Sande,NM styrkeløft utstyrsfritt,Yes
Kjell Egil Bakkelund,M,SBD,Raw,28.5,24-34,24-39,Open,77.36,83,240,250,257.5,,257.5,182.5,190,-192.5,,190,315,325.5,-330,,325.5,773,1,543.90,539.32,520.42,110.91,Yes,Norway,,EPF,IPF,2017-09-23,Spain,,Barcelona,Arnold's Europe Powerlifting Championships,Yes
Kjell Egil Bakkelund,M,SBD,Raw,28.5,24-34,24-39,Open,73.63,74,235,242.5,247.5,,247.5,175,182.5,187.5,,187.5,311,322,-330,,322,757,1,549.60,546.47,528.43,111.42,Yes,Norway,,IPF,IPF,2017-06-14,Belarus,,Minsk,World Classic Powerlifting Championships,Yes
Kjell Egil Bakkelund,M,SBD,Raw,,,,Open,74,74,200,220,230,,230,157.5,-162.5,,,157.5,250,,,,250,637.5,1,461.33,458.56,443.34,93.59,Yes,Norway,,NSF,IPF,2016-12-10,Norway,,Sandehallen,Klubbmesterskap,Yes
Kjell Egil Bakkelund,M,SBD,Raw,,,,Open,72.9,74,210,220,227.5,,227.5,165,175,177.5,,177.5,285,305,325,,325,730,1,533.48,530.77,513.47,108.01,Yes,Norway,,NSF,IPF,2016-10-07,Norway,,Oslo,NM i styrkeløft utstyrsfritt,Yes
Kjell Egil Bakkelund,M,SBD,Single-ply,,,,Open,82.7,83,325,-335,,,325,230,237.5,242.5,,242.5,280,300,-320,,300,867.5,1,586.83,580.30,558.30,100.39,Yes,Norway,,NSF,IPF,2016-05-20,Norway,,Trondheim,NM Styrkeløft,Yes
Kjell Egil Bakkelund,M,SBD,Single-ply,,,,Open,82.8,83,215,225,,,225,170,180,185,,185,310,330,,,330,740,1,500.24,494.66,475.88,85.57,Yes,Norway,,NSF,IPF,2015-12-12,Norway,,Sandehallen,klubbmesterskap,Yes
Kjell Egil Bakkelund,M,SBD,Raw,,,,Open,82.55,83,230,240,-247.5,,240,180,187.5,195,,195,290,310,320,,320,755,G,511.26,505.60,486.47,104.80,Yes,Norway,,NSF,IPF,2015-10-10,Norway,,Askim Treningssenter,RM utstyrsfritt,Yes
Kjell Egil Bakkelund,M,SBD,Single-ply,,,,Open,82.4,83,337.5,347.5,357.5,,357.5,240,247.5,255,,255,320,-335,-345.5,,320,932.5,1,632.10,625.14,601.54,108.14,Yes,Norway,,NSF,IPF,2015-05-29,Norway,,Askim,NM Styrkeløft,Yes
Kjell Egil Bakkelund,M,SBD,Single-ply,,,,Open,82.15,83,290,300,310,,310,225,,,,225,265,,,,265,800,1,543.22,537.30,517.08,92.94,Yes,Norway,,NSF,IPF,2014-05-29,Norway,,Storefjell,NM Styrkeløft,Yes
Kjell Egil Bakkelund,M,SBD,Single-ply,25.5,24-34,24-39,Open,82.25,83,345,355,-360,,355,245,252.5,261,,261,300,312.5,320,,320,936,1,635.13,628.18,604.51,108.66,Yes,Norway,,EPF,IPF,2014-05-07,Bulgaria,,Sofia,European Open Powerlifting Championships,Yes
Kjell Egil Bakkelund,M,B,Single-ply,,,,Open,82.47,83,,,,,,245,255,260,,260,,,,,,260,1,176.16,174.21,167.63,92.97,Yes,Norway,,NSF,IPF,2014-03-22,Norway,,Bergen,NM Benkpress,Yes
Kjell Egil Bakkelund,M,D,Single-ply,25.5,24-34,24-39,Open,83.8,93,,,,,,,,,,,330,350,352.5,,352.5,352.5,2,236.70,233.97,224.97,,Yes,Norway,,NAPF,IPF,2014-03-01,USA,OH,Columbus,GNC Pro Deadlift,Yes
Kjell Egil Bakkelund,M,SBD,Raw,,,,Open,82.7,83,227.5,240,252.5,,252.5,180,187.5,192.5,,192.5,285,302.5,317.5,,317.5,762.5,1,515.81,510.07,490.73,105.74,Yes,Norway,,NSF,IPF,2014-02-08,Norway,,Østfold Næringspark,RM Øst,Yes
Kjell Egil Bakkelund,M,B,Single-ply,,,,Open,82.95,83,,,,,,237.5,247.5,-262.5,,247.5,,,,,,247.5,1,167.14,165.27,158.98,88.13,Yes,Norway,,NSF,IPF,2014-01-18,Norway,,Reykjavik Island,Reykjavik International Games,Yes
Kjell Egil Bakkelund,M,SBD,Single-ply,24.5,24-34,24-39,Open,82.58,83,337.5,347.5,352.5,,352.5,245,-252.5,252.5,,252.5,317.5,327.5,337.5,,337.5,942.5,1,638.09,631.02,607.14,109.16,Yes,Norway,,IPF,IPF,2013-11-04,Norway,,Stavanger,World Powerlifting Championships,Yes
Kjell Egil Bakkelund,M,SBD,Single-ply,24.5,24-34,24-39,Middle,78.59,83,332.5,337.5,342.5,,342.5,245,250,-255,,250,305,315,325,,325,917.5,2,639.40,633.54,610.92,109.47,Yes,Norway,,IPF,IPF,2013-07-30,Colombia,,Cali,World Games,Yes
Kjell Egil Bakkelund,M,B,Single-ply,,,,Open,79.4,83,,,,,,235,245,-250,,245,,,,,,245,1,169.69,168.06,161.99,90.10,Yes,Norway,,NSF,IPF,2013-06-22,Norway,,Bjølsenhallen Oslo,Finale lagserien benkpress,Yes
Kjell Egil Bakkelund,M,SBD,Single-ply,,,,Open,77.13,83,310,320,,,320,235,240,,,240,300,317.5,325,,325,885,1,623.85,618.69,597.08,106.83,Yes,Norway,,NSF,IPF,2013-05-31,Norway,,Bergen,NM,Yes
Kjell Egil Bakkelund,M,SBD,Single-ply,24.5,24-34,24-39,Open,80.21,83,325,335,-342.5,,335,245,250.5,258,,258,295,310,320,,320,913,1,628.59,622.28,599.51,107.59,Yes,Norway,,EPF,IPF,2013-05-07,Czechia,,Pilsen,European Open Powerlifting Championships,Yes
Kjell Egil Bakkelund,M,SBD,Single-ply,,,,Open,81.3,83,210,225,240,,240,160,175,190,,190,275,300,,,300,730,1,498.66,493.40,475.06,85.33,Yes,Norway,,NSF,IPF,2012-12-15,Norway,,Bjølsenhallen,Åpent stevne,Yes
Kjell Egil Bakkelund,M,SBD,Single-ply,23.5,24-34,24-39,Open,82,83,325,337.5,342.5,,342.5,235,240,245,,245,300,312.5,-317.5,,312.5,900,5,611.76,605.13,582.41,104.67,Yes,Norway,,IPF,IPF,2012-11-10,Puerto Rico,,Aguadilla,World Powerlifting Championships,Yes
Kjell Egil Bakkelund,M,SBD,Single-ply,23.5,24-34,24-39,Open,81.92,83,300,312.5,320,,320,230,240,245,,245,290,305,,,305,870,1,591.70,585.30,563.36,101.24,Yes,Norway,,EPF,IPF,2012-09-28,Luxembourg,,Hamm,Western European Championships,Yes
Kjell Egil Bakkelund,M,SBD,Single-ply,,,,Open,82.81,83,320,-330,330,,330,227.5,232.5,237.5,,237.5,300,312.5,-322.5,,312.5,880,1,594.84,588.20,565.87,101.76,Yes,Norway,,NSF,IPF,2012-06-01,Norway,,Brumunddal,NM,Yes
Kjell Egil Bakkelund,M,SBD,Single-ply,,,19-23,Juniors 19-23,82,83,202.5,215,220,,220,155,165,175,,175,250,275,290,,290,685,1,465.62,460.57,443.28,79.67,Yes,Norway,,NSF,IPF,2011-12-10,Norway,,Bjølsenhallen,Åpent stevne,Yes
Kjell Egil Bakkelund,M,SBD,Single-ply,,,19-23,Juniors 19-23,81.4,83,297.5,-325,-325,,297.5,207.5,-227.5,-227.5,,207.5,280,-310,-310,,280,785,1,535.85,530.17,510.44,91.69,Yes,Norway,,NSF,IPF,2011-11-18,Norway,,Sandnes,NM Ungdom Junior Veteran,Yes
Kjell Egil Bakkelund,M,SBD,Single-ply,22.5,20-23,19-23,Juniors,82.05,83,305,317.5,322.5,,322.5,215,220,225,,225,280,292.5,302.5,,302.5,850,1,577.58,571.30,549.84,98.82,Yes,Norway,,IPF,IPF,2011-08-30,Canada,SK,Moose Jaw,World Sub-Juniors & Juniors Powerlifting Championships,Yes
Kjell Egil Bakkelund,M,SBD,Single-ply,22.5,20-23,19-23,Juniors,82.3,83,300,307.5,315,,315,215,220,225,,225,265,277.5,285,,285,825,2,559.62,553.48,532.61,95.74,Yes,Norway,,EPF,IPF,2011-06-11,England,,Northumberland,European Junior & Sub-Junior Powerlifting Championships,Yes
Kjell Egil Bakkelund,M,B,Single-ply,,,19-23,Juniors 19-23,82.74,83,,,,,,212.5,217.5,222.5,,222.5,,,,,,222.5,1,150.47,148.80,143.15,79.37,Yes,Norway,,NSF,IPF,2011-03-26,Norway,,Oslo,NM Benkpress,Yes
Kjell Egil Bakkelund,M,SBD,Single-ply,,,19-23,Juniors 19-23,83.3,90,180,190,200,,200,150,162.5,,,162.5,225,240,255,,255,617.5,1,416.02,411.30,395.58,71.16,Yes,Norway,,NSF,IPF,2010-12-11,Norway,,Bjølsenhallen,Åpent julestevne,Yes
Kjell Egil Bakkelund,M,SBD,Single-ply,,,19-23,Juniors 19-23,82.5,82.5,285,300,310,,310,-207.5,-207.5,207.5,,207.5,260,-272.5,-272.5,,260,777.5,1,526.67,520.85,501.16,90.10,Yes,Norway,,NSF,IPF,2010-11-20,Norway,,Moss,NM Ungdom Junior og Veteran,Yes
Kjell Egil Bakkelund,M,SBD,Single-ply,21.5,20-23,19-23,Juniors,78.9,82.5,280,292.5,-300,,292.5,210,-215,-215,,210,260,-267.5,267.5,,267.5,770,5,535.34,530.34,511.31,91.65,Yes,Norway,,IPF,IPF,2010-09-27,Czechia,,Pilsen,World Sub-Juniors & Juniors Powerlifting Championships,Yes
Kjell Egil Bakkelund,M,SBD,Single-ply,21.5,20-23,19-23,Juniors,79.8,82.5,272.5,280,290,,290,205,210,212.5,,212.5,260,270,275,,275,777.5,3,536.92,531.64,512.31,91.91,Yes,Norway,,EPF,IPF,2010-06-08,Norway,,Hamar,European Juniors Powerlifting Championships,Yes
Kjell Egil Bakkelund,M,SB,Single-ply,,,19-23,Juniors 19-23,80.2,82.5,250,260,270,,270,190,,,,190,,,,,,,DQ,,,,,Yes,Norway,,NSF,IPF,2010-04-14,Norway,,Brumunddal,Seriestevne,Yes
Kjell Egil Bakkelund,M,B,Single-ply,,,19-23,Juniors 19-23,79.5,82.5,,,,,,190,200,207.5,,207.5,,,,,,207.5,1,143.61,142.22,137.08,76.24,Yes,Norway,,NSF,IPF,2010-03-28,Norway,,Askim,NM Benkpress,Yes
Kjell Egil Bakkelund,M,SBD,Single-ply,,,19-23,Juniors 19-23,79.9,82.5,252.5,260,265,,265,190,200,-208,,200,245,255,265,,265,730,1,503.74,498.76,480.60,86.23,Yes,Norway,,NSF,IPF,2010-02-27,Norway,,Brumunddal,Regionsmesterskap,Yes
Kjell Egil Bakkelund,M,SBD,Single-ply,,,19-23,Juniors 19-23,81.2,82.5,-262.5,262.5,275,,275,195,205,-208.5,,205,255,262.5,-267.5,,262.5,742.5,1,507.56,502.22,483.59,86.86,Yes,Norway,,NSF,IPF,2009-11-13,Norway,,Alta,NM Ungdom Junior og Veteran,Yes
Kjell Egil Bakkelund,M,SBD,Single-ply,21.5,20-23,19-23,Juniors,79.4,82.5,260,-270,280,,280,192.5,197.5,202.5,,202.5,250,260,-270,,260,742.5,6,514.28,509.33,490.92,88.04,Yes,Norway,,IPF,IPF,2009-09-07,Brazil,,Ribeirao Preto-SP,World Sub-Juniors & Juniors Powerlifting Championships,Yes
Kjell Egil Bakkelund,M,SBD,Single-ply,21.5,20-23,19-23,Juniors,80,82.5,-247.5,247.5,260,,260,192.5,-197.5,197.5,,197.5,240,250,260,,260,717.5,6,494.75,489.84,471.97,84.69,Yes,Norway,,EPF,IPF,2009-06-09,Sweden,,Jonkoping,European Junior Powerlifting Championships,Yes
Kjell Egil Bakkelund,M,SBD,Single-ply,,,,Juniors,82.3,82.5,240,250,257.5,,257.5,185,192.5,200,,200,235,245,,,245,702.5,2,476.52,471.30,453.53,81.53,Yes,Norway,,NordicPF,IPF,2009-04-25,Denmark,,Bjerringbro,Nordic Sub-Juniors & Juniors Powerlifting Championships,Yes
Kjell Egil Bakkelund,M,SBD,Single-ply,,,19-23,Juniors 19-23,79.5,82.5,220,230,240,,240,175,185,190,,190,220,230,242.5,,242.5,672.5,1,465.44,460.94,444.26,79.68,Yes,Norway,,NSF,IPF,2009-02-21,Norway,,Brumunddal,RM Hedmark-Oppland,Yes
Kjell Egil Bakkelund,M,SBD,Single-ply,,,19-23,Juniors 19-23,80.6,82.5,235,245,255,,255,172.5,-180,180,,180,230,240,-250,,240,675,1,463.41,458.67,441.79,79.31,Yes,Norway,,NSF,IPF,2008-11-15,Norway,,Sandnes,NM U/Jr/Vet,Yes
Kjell Egil Bakkelund,M,SBD,Single-ply,,,19-23,Juniors 19-23,79.9,82.5,220,230,240,,240,167.5,175,180,,180,220,230,240,,240,660,1,455.44,450.94,434.52,77.96,Yes,Norway,,NSF,IPF,2008-10-18,Norway,,Moss,Syd-Norsk Styrkeløft,Yes
Kjell Egil Bakkelund,M,SBD,Single-ply,,,19-23,Juniors 19-23,77,82.5,200,212.5,220,,220,162.5,167.5,172.5,,172.5,195,205,210,,210,602.5,1,425.15,421.67,406.98,72.80,Yes,Norway,,NSF,IPF,2008-05-02,Norway,,Hamar,Nasjonalt ungdom og juniorstevne,Yes
Kjell Egil Bakkelund,M,SBD,Single-ply,,,19-23,Juniors 19-23,75.9,82.5,190,205,210,,210,160,165,-170,,165,180,192.5,200,,200,575,1,409.41,406.36,392.44,70.11,Yes,Norway,,NSF,IPF,2008-03-12,Norway,,Brumunddal,Seriestevne,Yes
Kjell Egil Bakkelund,M,SBD,Single-ply,,,19-23,Juniors 19-23,73.9,75,180,190,200,,200,-165,165,-170,,165,190,200,205,,205,570,1,412.84,410.40,396.80,70.70,Yes,Norway,,NSF,IPF,2008-02-23,Norway,,Brumunddal,Regionmesterskap,Yes
Kjell Egil Bakkelund,M,SBD,Single-ply,,,19-23,Juniors 19-23,76,82.5,150,160,170,,170,165,175,-182.5,,175,170,185,200,,200,545,1,387.73,384.82,371.61,66.40,Yes,Norway,,NSF,IPF,2007-12-12,Norway,,Brumunddal,Seriestevne,Yes
